Year,Province,Grade,Male,Female,
2010,Punjab,1,8580,488,
2010,Punjab,2,5321,465,
2010,Punjab,3,1816,155,
2010,Punjab,4,1739,735,
2010,Punjab,5,3333,53,
2010,Punjab,6,2861,62,
2010,Punjab,7,3207,106,
2010,Punjab,8,722,14,
2010,Punjab,9,2343,590,
2010,Punjab,10,163,6,
2010,Punjab,11,2398,50,
2010,Punjab,12,901,84,
2010,Punjab,13,176,1,
2010,Punjab,14,1208,82,
2010,Punjab,15,640,11,
2010,Punjab,16,1321,2241,
2010,Punjab,17,4124,1057,
2010,Punjab,18,1936,423,
2010,Punjab,19,1005,195,
2010,Punjab,20,309,45,
2010,Punjab,21,173,6,
2010,Punjab,22,2,0,
2010,Sindh,1,8,0,
2010,Sindh,2,227,62,
2010,Sindh,3,3,0,
2010,Sindh,5,52,0,
2010,Sindh,6,5,0,
2010,Sindh,7,13,0,
2010,Sindh,8,2,0,
2010,Sindh,9,2,0,
2010,Sindh,10,1,0,
2010,Sindh,11,7,0,
2010,Sindh,14,1,0,
2010,Sindh,15,1,0,
2010,Sindh,16,3,0,
2010,Sindh,17,2,0,
2010,KPK,1,"18,637",759,
2010,KPK,2,"39,269","2,111",
2010,KPK,3,"4,831",811,
2010,KPK,4,"1,355",78,
2010,KPK,5,"42,770",747,
2010,KPK,6,"1,445",79,
2010,KPK,7,"15,641",960,
2010,KPK,8,147,255,
2010,KPK,9,"13,717","2,352",
2010,KPK,10,291,94,
2010,KPK,11,"1,436",209,
2010,KPK,12,"24,060","15,167",
2010,KPK,13,85,1,
2010,KPK,14,"14,470","1,690",
2010,KPK,15,"21,137","6,937",
2010,KPK,16,"12,369","5,128",
2010,KPK,17,"7,774","2,062",
2010,KPK,18,"2,300",330,
2010,KPK,19,"1,087",108,
2010,KPK,20,306,59,
2010,KPK,21,71,4,
2010,KPK,22,1,0,
2010,Balochistan,1,5520,266,
2010,Balochistan,2,1812,10,
2010,Balochistan,3,319,0,
2010,Balochistan,4,867,0,
2010,Balochistan,5,1413,365,
2010,Balochistan,6,1785,6,
2010,Balochistan,7,1603,10,
2010,Balochistan,8,439,258,
2010,Balochistan,9,912,3,
2010,Balochistan,10,2,2,
2010,Balochistan,11,661,275,
2010,Balochistan,12,393,12,
2010,Balochistan,13,24,0,
2010,Balochistan,14,732,4,
2010,Balochistan,15,135,0,
2010,Balochistan,16,540,73,
2010,Balochistan,17,1360,79,
2010,Balochistan,18,206,15,
2010,Balochistan,19,85,2,
2010,Balochistan,20,29,0,
2010,Balochistan,21,2,0,
2010,Gilgit-Baltistan,1,184,0,
2010,Gilgit-Baltistan,2,451,0,
2010,Gilgit-Baltistan,3,21,0,
2010,Gilgit-Baltistan,4,45,0,
2010,Gilgit-Baltistan,5,3872,42,
2010,Gilgit-Baltistan,6,115,3,
2010,Gilgit-Baltistan,7,715,14,
2010,Gilgit-Baltistan,8,4,0,
2010,Gilgit-Baltistan,9,258,15,
2010,Gilgit-Baltistan,10,3,0,
2010,Gilgit-Baltistan,11,36,0,
2010,Gilgit-Baltistan,12,52,0,
2010,Gilgit-Baltistan,14,228,4,
2010,Gilgit-Baltistan,15,28,0,
2010,Gilgit-Baltistan,16,112,1,
2010,Gilgit-Baltistan,17,143,4,
2010,Gilgit-Baltistan,18,52,0,
2010,Gilgit-Baltistan,19,11,0,
2010,Gilgit-Baltistan,20,3,0,
2010,Gilgit-Baltistan,21,1,0,
2011,Punjab,1,8680,509,
2011,Punjab,2,5429,502,
2011,Punjab,3,1797,149,
2011,Punjab,4,2047,682,
2011,Punjab,5,3298,58,
2011,Punjab,6,2612,51,
2011,Punjab,7,3193,115,
2011,Punjab,8,815,20,
2011,Punjab,9,2502,585,
2011,Punjab,10,137,8,
2011,Punjab,11,2085,54,
2011,Punjab,12,1297,120,
2011,Punjab,13,240,2,
2011,Punjab,14,1113,213,
2011,Punjab,15,704,70,
2011,Punjab,16,1327,1996,
2011,Punjab,17,3872,1074,
2011,Punjab,18,2059,472,
2011,Punjab,19,1303,168,
2011,Punjab,20,286,47,
2011,Punjab,21,221,4,
2011,Punjab,22,2,0,
2011,Sindh,1,12,0,
2011,Sindh,2,470,74,
2011,Sindh,3,3,0,
2011,Sindh,5,78,0,
2011,Sindh,6,6,0,
2011,Sindh,7,25,0,
2011,Sindh,8,1,0,
2011,Sindh,9,2,0,
2011,Sindh,10,2,0,
2011,Sindh,11,8,0,
2011,Sindh,12,1,0,
2011,Sindh,14,3,0,
2011,Sindh,15,1,0,
2011,Sindh,16,3,0,
2011,Sindh,17,1,0,
2011,KPK,1,"22,598",936,
2011,KPK,2,"39,712","2,196",
2011,KPK,3,"4,847",813,
2011,KPK,4,"1,643",78,
2011,KPK,5,"48,163",769,
2011,KPK,6,"1,480",80,
2011,KPK,7,"16,014","1,013",
2011,KPK,8,157,256,
2011,KPK,9,"14,244","2,504",
2011,KPK,10,293,94,
2011,KPK,11,"1,476",213,
2011,KPK,12,"25,150","15,791",
2011,KPK,13,87,1,
2011,KPK,14,"14,603","1,705",
2011,KPK,15,"21,382","7,097",
2011,KPK,16,"12,480","5,316",
2011,KPK,17,"7,998","2,118",
2011,KPK,18,"2,312",335,
2011,KPK,19,"1,087",108,
2011,KPK,20,307,59,
2011,KPK,21,72,4,
2011,KPK,22,2,0,
2011,Balochistan,1,5872,270,
2011,Balochistan,2,1879,10,
2011,Balochistan,3,303,0,
2011,Balochistan,4,908,0,
2011,Balochistan,5,1564,365,
2011,Balochistan,6,1816,2,
2011,Balochistan,7,1650,9,
2011,Balochistan,8,489,266,
2011,Balochistan,9,1067,5,
2011,Balochistan,10,5,0,
2011,Balochistan,11,704,275,
2011,Balochistan,12,414,12,
2011,Balochistan,13,24,0,
2011,Balochistan,14,762,6,
2011,Balochistan,15,141,1,
2011,Balochistan,16,558,71,
2011,Balochistan,17,1363,79,
2011,Balochistan,18,211,15,
2011,Balochistan,19,81,2,
2011,Balochistan,20,29,0,
2011,Balochistan,21,3,0,
2011,Gilgit-Baltistan,1,199,1,
2011,Gilgit-Baltistan,2,479,0,
2011,Gilgit-Baltistan,3,23,0,
2011,Gilgit-Baltistan,4,51,0,
2011,Gilgit-Baltistan,5,4445,132,
2011,Gilgit-Baltistan,6,120,3,
2011,Gilgit-Baltistan,7,768,14,
2011,Gilgit-Baltistan,8,2,0,
2011,Gilgit-Baltistan,9,297,19,
2011,Gilgit-Baltistan,10,3,0,
2011,Gilgit-Baltistan,11,39,0,
2011,Gilgit-Baltistan,12,54,0,
2011,Gilgit-Baltistan,14,244,4,
2011,Gilgit-Baltistan,15,30,0,
2011,Gilgit-Baltistan,16,125,1,
2011,Gilgit-Baltistan,17,165,4,
2011,Gilgit-Baltistan,18,49,1,
2011,Gilgit-Baltistan,19,17,0,
2011,Gilgit-Baltistan,20,4,0,
2011,Gilgit-Baltistan,21,1,0,
2012,Punjab,1,8990,511,
2012,Punjab,2,5505,469,
2012,Punjab,3,1741,148,
2012,Punjab,4,1902,803,
2012,Punjab,5,3327,56,
2012,Punjab,6,2349,50,
2012,Punjab,7,3017,116,
2012,Punjab,8,858,15,
2012,Punjab,9,2857,595,
2012,Punjab,10,187,5,
2012,Punjab,11,2374,68,
2012,Punjab,12,955,115,
2012,Punjab,13,188,4,
2012,Punjab,14,1379,90,
2012,Punjab,15,613,15,
2012,Punjab,16,1355,2474,
2012,Punjab,17,4405,1322,
2012,Punjab,18,2096,485,
2012,Punjab,19,1053,223,
2012,Punjab,20,290,48,
2012,Punjab,21,214,2,
2012,Punjab,22,4,0,
2012,Sindh,1,117,1,
2012,Sindh,2,589,77,
2012,Sindh,3,3,0,
2012,Sindh,4,3,0,
2012,Sindh,5,72,0,
2012,Sindh,6,8,0,
2012,Sindh,7,34,0,
2012,Sindh,8,5,0,
2012,Sindh,9,3,0,
2012,Sindh,10,3,0,
2012,Sindh,11,13,0,
2012,Sindh,12,1,0,
2012,Sindh,14,11,0,
2012,Sindh,15,1,0,
2012,Sindh,16,4,0,
2012,Sindh,17,1,0,
2012,KPK,1,"26,622","1,122",
2012,KPK,2,"40,091","2,269",
2012,KPK,3,"4,870",813,
2012,KPK,4,"1,959",81,
2012,KPK,5,"50,438",826,
2012,KPK,6,"1,525",80,
2012,KPK,7,"16,590","1,063",
2012,KPK,8,176,264,
2012,KPK,9,"14,696","2,662",
2012,KPK,10,312,94,
2012,KPK,11,"1,603",216,
2012,KPK,12,"26,993","16,332",
2012,KPK,13,87,1,
2012,KPK,14,"14,689","1,711",
2012,KPK,15,"21,873","7,325",
2012,KPK,16,"12,957","5,560",
2012,KPK,17,"8,211","2,153",
2012,KPK,18,"2,318",337,
2012,KPK,19,"1,087",108,
2012,KPK,20,307,59,
2012,KPK,21,73,4,
2012,KPK,22,2,0,
2012,Balochistan,1,6505,295,
2012,Balochistan,2,1975,6,
2012,Balochistan,3,306,0,
2012,Balochistan,4,1003,0,
2012,Balochistan,5,1753,364,
2012,Balochistan,6,1863,6,
2012,Balochistan,7,1721,14,
2012,Balochistan,8,595,308,
2012,Balochistan,9,1107,6,
2012,Balochistan,10,7,0,
2012,Balochistan,11,928,278,
2012,Balochistan,12,528,15,
2012,Balochistan,13,24,0,
2012,Balochistan,14,906,60,
2012,Balochistan,15,215,4,
2012,Balochistan,16,531,71,
2012,Balochistan,17,1411,82,
2012,Balochistan,18,282,15,
2012,Balochistan,19,84,3,
2012,Balochistan,20,28,0,
2012,Balochistan,21,5,0,
2012,Gilgit-Baltistan,1,262,1,
2012,Gilgit-Baltistan,2,390,0,
2012,Gilgit-Baltistan,3,23,0,
2012,Gilgit-Baltistan,4,57,0,
2012,Gilgit-Baltistan,5,4427,132,
2012,Gilgit-Baltistan,6,97,3,
2012,Gilgit-Baltistan,7,804,14,
2012,Gilgit-Baltistan,8,24,0,
2012,Gilgit-Baltistan,9,283,19,
2012,Gilgit-Baltistan,10,15,0,
2012,Gilgit-Baltistan,11,35,0,
2012,Gilgit-Baltistan,12,46,0,
2012,Gilgit-Baltistan,13,5,0,
2012,Gilgit-Baltistan,14,241,6,
2012,Gilgit-Baltistan,15,33,0,
2012,Gilgit-Baltistan,16,130,1,
2012,Gilgit-Baltistan,17,171,1,
2012,Gilgit-Baltistan,18,52,1,
2012,Gilgit-Baltistan,19,17,0,
2012,Gilgit-Baltistan,20,4,0,
2012,Gilgit-Baltistan,21,1,0,
2013,Punjab,1,9091,431,
2013,Punjab,2,5377,429,
2013,Punjab,3,1751,175,
2013,Punjab,4,1840,788,
2013,Punjab,5,2980,55,
2013,Punjab,6,2066,45,
2013,Punjab,7,3119,114,
2013,Punjab,8,915,14,
2013,Punjab,9,3242,605,
2013,Punjab,10,197,6,
2013,Punjab,11,2394,57,
2013,Punjab,12,865,121,
2013,Punjab,13,182,2,
2013,Punjab,14,1378,54,
2013,Punjab,15,530,13,
2013,Punjab,16,1467,2302,
2013,Punjab,17,4275,1369,
2013,Punjab,18,2086,508,
2013,Punjab,19,1069,213,
2013,Punjab,20,299,56,
2013,Punjab,21,205,4,
2013,Punjab,22,5,0,
2013,Sindh,1,131,1,
2013,Sindh,2,587,77,
2013,Sindh,3,2,0,
2013,Sindh,4,5,0,
2013,Sindh,5,65,0,
2013,Sindh,6,8,0,
2013,Sindh,7,52,0,
2013,Sindh,8,5,0,
2013,Sindh,9,4,0,
2013,Sindh,10,3,0,
2013,Sindh,11,15,0,
2013,Sindh,12,1,0,
2013,Sindh,14,13,0,
2013,Sindh,15,1,0,
2013,Sindh,16,4,0,
2013,Sindh,17,3,0,
2013,KPK,1,"30,172","1,270",
2013,KPK,2,"40,500","2,315",
2013,KPK,3,"4,907",813,
2013,KPK,4,"2,177",85,
2013,KPK,5,"52,195",880,
2013,KPK,6,"1,564",81,
2013,KPK,7,"17,094","1,090",
2013,KPK,8,181,264,
2013,KPK,9,"15,133","2,677",
2013,KPK,10,333,95,
2013,KPK,11,"1,656",220,
2013,KPK,12,"27,463","16,461",
2013,KPK,13,87,1,
2013,KPK,14,"14,851","1,726",
2013,KPK,15,"22,200","7,477",
2013,KPK,16,"13,071","5,683",
2013,KPK,17,"8,362","2,206",
2013,KPK,18,"2,319",338,
2013,KPK,19,"1,088",108,
2013,KPK,20,307,59,
2013,KPK,21,74,4,
2013,KPK,22,2,0,
2013,Balochistan,1,6618,284,
2013,Balochistan,2,2032,105,
2013,Balochistan,3,309,0,
2013,Balochistan,4,973,2,
2013,Balochistan,5,1793,422,
2013,Balochistan,6,1916,5,
2013,Balochistan,7,1743,36,
2013,Balochistan,8,593,317,
2013,Balochistan,9,1206,10,
2013,Balochistan,10,7,0,
2013,Balochistan,11,980,297,
2013,Balochistan,12,484,21,
2013,Balochistan,13,25,0,
2013,Balochistan,14,954,86,
2013,Balochistan,15,199,4,
2013,Balochistan,16,570,146,
2013,Balochistan,17,1535,94,
2013,Balochistan,18,301,36,
2013,Balochistan,19,84,9,
2013,Balochistan,20,30,4,
2013,Balochistan,21,3,0,
2013,Gilgit-Baltistan,1,285,1,
2013,Gilgit-Baltistan,2,371,0,
2013,Gilgit-Baltistan,3,20,0,
2013,Gilgit-Baltistan,4,62,0,
2013,Gilgit-Baltistan,5,4428,132,
2013,Gilgit-Baltistan,6,98,3,
2013,Gilgit-Baltistan,7,811,14,
2013,Gilgit-Baltistan,8,1,0,
2013,Gilgit-Baltistan,9,304,19,
2013,Gilgit-Baltistan,10,3,0,
2013,Gilgit-Baltistan,11,45,0,
2013,Gilgit-Baltistan,12,53,0,
2013,Gilgit-Baltistan,14,244,6,
2013,Gilgit-Baltistan,15,29,0,
2013,Gilgit-Baltistan,16,116,1,
2013,Gilgit-Baltistan,17,157,6,
2013,Gilgit-Baltistan,18,51,1,
2013,Gilgit-Baltistan,19,16,0,
2013,Gilgit-Baltistan,20,4,0,
2013,Gilgit-Baltistan,21,1,0,
2014,Punjab,22,1,0,
2014,Punjab,21,5,0,
2014,Punjab,20,39,3,
2014,Punjab,19,410,47,
2014,Punjab,18,1537,189,
2014,Punjab,17,4126,1670,
2014,Punjab,16,2626,813,
2014,Punjab,15,238,10,
2014,Punjab,14,3069,215,
2014,Punjab,13,49,10,
2014,Punjab,12,431,64,
2014,Punjab,11,3712,1085,
2014,Punjab,10,107,139,
2014,Punjab,9,6257,1158,
2014,Punjab,8,456,215,
2014,Punjab,7,2725,101,
2014,Punjab,6,1064,239,
2014,Punjab,5,3908,1950,
2014,Punjab,4,2157,69,
2014,Punjab,3,599,58,
2014,Punjab,2,4181,196,
2014,Punjab,1,19418,2324,
2014,Sindh,21,1,0,
2014,Sindh,20,9,0,
2014,Sindh,19,71,39,
2014,Sindh,18,208,97,
2014,Sindh,17,426,131,
2014,Sindh,16,239,90,
2014,Sindh,15,12,0,
2014,Sindh,14,524,119,
2014,Sindh,13,6,0,
2014,Sindh,12,74,0,
2014,Sindh,11,382,458,
2014,Sindh,10,4,0,
2014,Sindh,9,248,1,
2014,Sindh,8,13,673,
2014,Sindh,7,686,106,
2014,Sindh,6,41,0,
2014,Sindh,5,1555,1037,
2014,Sindh,4,172,0,
2014,Sindh,3,24,0,
2014,Sindh,2,1995,1200,
2014,Sindh,1,1890,2,
2014,KPK,21,14,1,
2014,KPK,20,69,1,
2014,KPK,19,77,2,
2014,KPK,18,157,7,
2014,KPK,17,678,34,
2014,KPK,16,553,15,
2014,KPK,14,328,5,
2014,KPK,11,267,7,
2014,Balochistan,22,1,,
2014,Balochistan,21,9,,
2014,Balochistan,20,43,,
2014,Balochistan,19,141,1,
2014,Balochistan,18,464,40,
2014,Balochistan,17,1463,40,
2014,Balochistan,16,953,23,
2014,Balochistan,15,164,1,
2014,Balochistan,14,1050,30,
2014,Balochistan,13,32,,
2014,Balochistan,12,211,10,
2014,Balochistan,11,1681,62,
2014,Balochistan,10,8,1,
2014,Balochistan,9,514,26,
2014,Balochistan,8,443,11,
2014,Balochistan,7,345,2,
2014,Balochistan,6,2292,15,
2014,Balochistan,5,1983,3,
2014,Balochistan,4,890,5,
2014,Balochistan,3,228,,
2014,Balochistan,2,2707,24,
2014,Balochistan,1,6697,101,
2014,Gilgit-Baltistan,20,1,,
2014,Gilgit-Baltistan,19,10,,
2014,Gilgit-Baltistan,18,29,1,
2014,Gilgit-Baltistan,17,56,5,
2014,Gilgit-Baltistan,16,96,6,
2014,Gilgit-Baltistan,15,32,,
2014,Gilgit-Baltistan,14,8,,
2014,Gilgit-Baltistan,13,47,10,
2014,Gilgit-Baltistan,11,27,,
2014,Gilgit-Baltistan,10,34,,
2014,Gilgit-Baltistan,8,45,,
2014,Gilgit-Baltistan,7,1,10,
2014,Gilgit-Baltistan,6,148,,
2014,Gilgit-Baltistan,5,1,,
2014,Gilgit-Baltistan,4,86,3,
2014,Gilgit-Baltistan,3,26,,
2014,Gilgit-Baltistan,2,3,,
2014,Gilgit-Baltistan,1,105,,
2015,Punjab,22,1,0,
2015,Punjab,21,5,0,
2015,Punjab,20,37,5,
2015,Punjab,19,441,48,
2015,Punjab,18,1503,185,
2015,Punjab,17,4473,1798,
2015,Punjab,16,2615,957,
2015,Punjab,15,202,8,
2015,Punjab,14,3180,246,
2015,Punjab,13,49,6,
2015,Punjab,12,444,67,
2015,Punjab,11,3506,1118,
2015,Punjab,10,106,112,
2015,Punjab,9,6448,1181,
2015,Punjab,8,238,192,
2015,Punjab,7,2660,147,
2015,Punjab,6,1022,216,
2015,Punjab,5,3861,1952,
2015,Punjab,4,2236,80,
2015,Punjab,3,626,59,
2015,Punjab,2,4116,194,
2015,Punjab,1,19440,1233,
2015,Sindh,21,1,0,
2015,Sindh,20,10,,
2015,Sindh,19,71,39,
2015,Sindh,18,208,96,
2015,Sindh,17,431,131,
2015,Sindh,16,233,90,
2015,Sindh,15,12,1,
2015,Sindh,14,480,119,
2015,Sindh,13,6,0,
2015,Sindh,12,80,1,
2015,Sindh,11,403,458,
2015,Sindh,10,3,0,
2015,Sindh,9,347,1,
2015,Sindh,8,2,673,
2015,Sindh,7,703,108,
2015,Sindh,6,41,0,
2015,Sindh,5,1582,1037,
2015,Sindh,4,181,0,
2015,Sindh,3,13,0,
2015,Sindh,2,1972,1199,
2015,Sindh,1,1910,1,
2015,KPK,21,13,1,
2015,KPK,20,56,1,
2015,KPK,19,108,7,
2015,KPK,18,161,8,
2015,KPK,17,661,34,
2015,KPK,16,566,18,
2015,KPK,14,335,6,
2015,KPK,11,281,7,
2015,Balochistan,22,1,,
2015,Balochistan,21,9,,
2015,Balochistan,20,44,,
2015,Balochistan,19,146,2,
2015,Balochistan,18,468,7,
2015,Balochistan,17,1486,37,
2015,Balochistan,16,1032,25,
2015,Balochistan,15,252,,
2015,Balochistan,14,1065,31,
2015,Balochistan,13,32,,
2015,Balochistan,12,262,13,
2015,Balochistan,11,1824,67,
2015,Balochistan,10,8,2,
2015,Balochistan,9,625,29,
2015,Balochistan,8,443,11,
2015,Balochistan,7,360,5,
2015,Balochistan,6,2306,14,
2015,Balochistan,5,2115,11,
2015,Balochistan,4,901,4,
2015,Balochistan,3,273,3,
2015,Balochistan,2,3040,26,
2015,Balochistan,1,6843,97,
2015,Gilgit-Baltistan,20,1,,
2015,Gilgit-Baltistan,19,10,,
2015,Gilgit-Baltistan,18,29,2,
2015,Gilgit-Baltistan,17,56,4,
2015,Gilgit-Baltistan,16,96,6,
2015,Gilgit-Baltistan,15,31,,
2015,Gilgit-Baltistan,14,8,,
2015,Gilgit-Baltistan,13,47,10,
2015,Gilgit-Baltistan,11,27,,
2015,Gilgit-Baltistan,10,34,,
2015,Gilgit-Baltistan,8,43,,
2015,Gilgit-Baltistan,7,1,10,
2015,Gilgit-Baltistan,6,147,,
2015,Gilgit-Baltistan,5,1,,
2015,Gilgit-Baltistan,4,86,3,
2015,Gilgit-Baltistan,3,26,,
2015,Gilgit-Baltistan,2,3,,
2015,Gilgit-Baltistan,1,105,,
2016,Punjab,22,1,0,
2016,Punjab,21,5,0,
2016,Punjab,20,40,5,
2016,Punjab,19,437,55,
2016,Punjab,18,1518,197,
2016,Punjab,17,4846,2096,
2016,Punjab,16,3272,1144,
2016,Punjab,15,542,61,
2016,Punjab,14,3727,271,
2016,Punjab,13,36,6,
2016,Punjab,12,355,53,
2016,Punjab,11,5388,1208,
2016,Punjab,10,79,104,
2016,Punjab,9,6149,1191,
2016,Punjab,8,228,182,
2016,Punjab,7,937,44,
2016,Punjab,6,1009,210,
2016,Punjab,5,3869,1953,
2016,Punjab,4,2351,71,
2016,Punjab,3,677,56,
2016,Punjab,2,4116,175,
2016,Punjab,1,20351,2425,
2016,Sindh,21,2,,
2016,Sindh,20,9,0,
2016,Sindh,19,62,39,
2016,Sindh,18,208,95,
2016,Sindh,17,438,132,
2016,Sindh,16,346,93,
2016,Sindh,15,13,0,
2016,Sindh,14,408,116,
2016,Sindh,13,6,0,
2016,Sindh,12,86,1,
2016,Sindh,11,493,461,
2016,Sindh,10,4,0,
2016,Sindh,9,519,2,
2016,Sindh,8,2,673,
2016,Sindh,7,251,100,
2016,Sindh,6,20,0,
2016,Sindh,5,1366,1037,
2016,Sindh,4,195,0,
2016,Sindh,3,12,0,
2016,Sindh,2,1956,1199,
2016,Sindh,1,1907,1,
2016,KPK,21,10,0,
2016,KPK,20,58,1,
2016,KPK,19,101,7,
2016,KPK,18,120,11,
2016,KPK,17,678,43,
2016,KPK,16,603,23,
2016,KPK,14,341,6,
2016,KPK,11,254,6,
2016,Balochistan,22,1,,
2016,Balochistan,21,10,,
2016,Balochistan,20,45,,
2016,Balochistan,19,153,6,
2016,Balochistan,18,487,9,
2016,Balochistan,17,1631,50,
2016,Balochistan,16,1115,27,
2016,Balochistan,15,236,,
2016,Balochistan,14,826,30,
2016,Balochistan,13,32,,
2016,Balochistan,12,250,11,
2016,Balochistan,11,1860,67,
2016,Balochistan,10,21,2,
2016,Balochistan,9,465,25,
2016,Balochistan,8,427,8,
2016,Balochistan,7,271,,
2016,Balochistan,6,2336,14,
2016,Balochistan,5,2152,13,
2016,Balochistan,4,920,4,
2016,Balochistan,3,293,3,
2016,Balochistan,2,3247,25,
2016,Balochistan,1,6947,98,
2016,Gilgit-Baltistan,20,1,,
2016,Gilgit-Baltistan,19,12,,
2016,Gilgit-Baltistan,18,33,2,
2016,Gilgit-Baltistan,17,54,4,
2016,Gilgit-Baltistan,16,100,6,
2016,Gilgit-Baltistan,15,44,,
2016,Gilgit-Baltistan,14,7,,
2016,Gilgit-Baltistan,13,69,10,
2016,Gilgit-Baltistan,11,45,,
2016,Gilgit-Baltistan,10,51,1,
2016,Gilgit-Baltistan,8,52,2,
2016,Gilgit-Baltistan,7,1,10,
2016,Gilgit-Baltistan,6,128,,
2016,Gilgit-Baltistan,5,1,,
2016,Gilgit-Baltistan,4,103,3,
2016,Gilgit-Baltistan,3,31,,
2016,Gilgit-Baltistan,2,5,,
2016,Gilgit-Baltistan,1,95,,
2017,Punjab,22,1,0,
2017,Punjab,21,6,0,
2017,Punjab,20,48,4,
2017,Punjab,19,441,65,
2017,Punjab,18,1493,198,
2017,Punjab,17,5037,2162,
2017,Punjab,16,3143,1139,
2017,Punjab,15,432,38,
2017,Punjab,14,3747,287,
2017,Punjab,13,40,13,
2017,Punjab,12,314,74,
2017,Punjab,11,5154,1002,
2017,Punjab,10,73,120,
2017,Punjab,9,7007,1086,
2017,Punjab,8,231,209,
2017,Punjab,7,481,46,
2017,Punjab,6,884,194,
2017,Punjab,5,3299,1651,
2017,Punjab,4,2721,74,
2017,Punjab,3,671,51,
2017,Punjab,2,3832,170,
2017,Punjab,1,18513,2169,
2017,Sindh,21,2,,
2017,Sindh,20,8,0,
2017,Sindh,19,87,39,
2017,Sindh,18,206,96,
2017,Sindh,17,438,134,
2017,Sindh,16,400,93,
2017,Sindh,15,8,0,
2017,Sindh,14,407,119,
2017,Sindh,13,6,0,
2017,Sindh,12,94,1,
2017,Sindh,11,755,469,
2017,Sindh,10,8,0,
2017,Sindh,9,564,0,
2017,Sindh,8,4,673,
2017,Sindh,7,39,95,
2017,Sindh,6,40,0,
2017,Sindh,5,2415,1037,
2017,Sindh,4,181,0,
2017,Sindh,3,10,0,
2017,Sindh,2,2038,1199,
2017,Sindh,1,1929,4,
2017,KPK,21,10,0,
2017,KPK,20,58,1,
2017,KPK,19,102,7,
2017,KPK,18,120,11,
2017,KPK,17,611,36,
2017,KPK,16,647,27,
2017,KPK,14,292,8,
2017,KPK,11,219,6,
2017,Balochistan,22,1,,
2017,Balochistan,21,10,,
2017,Balochistan,20,49,,
2017,Balochistan,19,156,2,
2017,Balochistan,18,526,10,
2017,Balochistan,17,1650,54,
2017,Balochistan,16,1148,27,
2017,Balochistan,15,232,,
2017,Balochistan,14,783,33,
2017,Balochistan,13,32,,
2017,Balochistan,12,260,11,
2017,Balochistan,11,1973,76,
2017,Balochistan,10,22,2,
2017,Balochistan,9,323,25,
2017,Balochistan,8,432,19,
2017,Balochistan,7,290,,
2017,Balochistan,6,2332,14,
2017,Balochistan,5,2204,18,
2017,Balochistan,4,971,4,
2017,Balochistan,3,288,4,
2017,Balochistan,2,3372,29,
2017,Balochistan,1,7304,108,
2017,Gilgit-Baltistan,20,1,,
2017,Gilgit-Baltistan,19,14,,
2017,Gilgit-Baltistan,18,34,2,
2017,Gilgit-Baltistan,17,60,4,
2017,Gilgit-Baltistan,16,109,6,
2017,Gilgit-Baltistan,15,76,,
2017,Gilgit-Baltistan,13,80,10,
2017,Gilgit-Baltistan,11,36,,
2017,Gilgit-Baltistan,10,88,1,
2017,Gilgit-Baltistan,8,33,2,
2017,Gilgit-Baltistan,7,1,10,
2017,Gilgit-Baltistan,6,97,,
2017,Gilgit-Baltistan,5,1,,
2017,Gilgit-Baltistan,4,100,3,
2017,Gilgit-Baltistan,3,33,,
2017,Gilgit-Baltistan,2,10,,
2017,Gilgit-Baltistan,1,104,,
2018,Punjab,22,1,0,
2018,Punjab,21,5,1,
2018,Punjab,20,54,4,
2018,Punjab,19,423,66,
2018,Punjab,18,1396,494,
2018,Punjab,17,4931,2192,
2018,Punjab,16,3401,1388,
2018,Punjab,15,468,46,
2018,Punjab,14,3714,281,
2018,Punjab,13,63,6,
2018,Punjab,12,321,76,
2018,Punjab,11,5429,1021,
2018,Punjab,10,75,88,
2018,Punjab,9,7346,1125,
2018,Punjab,8,360,156,
2018,Punjab,7,591,51,
2018,Punjab,6,848,183,
2018,Punjab,5,3090,1647,
2018,Punjab,4,2812,75,
2018,Punjab,3,653,44,
2018,Punjab,2,3834,160,
2018,Punjab,1,18653,2180,
2018,Sindh,21,3,,
2018,Sindh,20,10,0,
2018,Sindh,19,66,37,
2018,Sindh,18,207,97,
2018,Sindh,17,617,167,
2018,Sindh,16,533,93,
2018,Sindh,15,5,0,
2018,Sindh,14,450,118,
2018,Sindh,13,3,0,
2018,Sindh,12,101,1,
2018,Sindh,11,1231,470,
2018,Sindh,10,13,0,
2018,Sindh,9,558,0,
2018,Sindh,8,1,673,
2018,Sindh,7,39,95,
2018,Sindh,6,40,0,
2018,Sindh,5,1369,1037,
2018,Sindh,4,241,0,
2018,Sindh,3,11,0,
2018,Sindh,2,2082,1197,
2018,Sindh,1,1935,7,
2018,KPK,21,12,0,
2018,KPK,20,53,2,
2018,KPK,19,91,4,
2018,KPK,18,239,7,
2018,KPK,17,638,38,
2018,KPK,16,686,30,
2018,KPK,14,281,7,
2018,KPK,11,214,6,
2018,Balochistan,22,1,,
2018,Balochistan,21,10,,
2018,Balochistan,20,48,,
2018,Balochistan,19,158,2,
2018,Balochistan,18,546,14,
2018,Balochistan,17,1660,51,
2018,Balochistan,16,1202,27,
2018,Balochistan,15,232,,
2018,Balochistan,14,1292,35,
2018,Balochistan,13,32,,
2018,Balochistan,12,311,,
2018,Balochistan,11,1913,81,
2018,Balochistan,10,24,2,
2018,Balochistan,9,390,29,
2018,Balochistan,8,452,8,
2018,Balochistan,7,244,,
2018,Balochistan,6,2402,15,
2018,Balochistan,5,2239,35,
2018,Balochistan,4,961,4,
2018,Balochistan,3,294,5,
2018,Balochistan,2,3367,26,
2018,Balochistan,1,7417,106,
2018,Gilgit-Baltistan,20,1,,
2018,Gilgit-Baltistan,19,14,,
2018,Gilgit-Baltistan,18,31,1,
2018,Gilgit-Baltistan,17,62,5,
2018,Gilgit-Baltistan,16,108,6,
2018,Gilgit-Baltistan,15,76,4,
2018,Gilgit-Baltistan,13,92,10,
2018,Gilgit-Baltistan,11,31,,
2018,Gilgit-Baltistan,10,130,,
2018,Gilgit-Baltistan,8,17,,
2018,Gilgit-Baltistan,7,1,10,
2018,Gilgit-Baltistan,6,61,,
2018,Gilgit-Baltistan,5,1,,
2018,Gilgit-Baltistan,4,70,,
2018,Gilgit-Baltistan,3,33,,
2018,Gilgit-Baltistan,2,11,,
2018,Gilgit-Baltistan,1,118,,
2008-09,Federal,22,100,6,
2008-09,Federal,21,324,19,
2008-09,Federal,20,820,90,
2008-09,Federal,19,2159,389,
2008-09,Federal,18,4284,869,
2008-09,Federal,17,7768,2082,
2008-09,Federal,16,11575,3710,
2008-09,Federal,15,5006,243,
2008-09,Federal,14,22205,3260,
2008-09,Federal,13,3174,19,
2008-09,Federal,12,6596,171,
2008-09,Federal,11,9572,440,
2008-09,Federal,10,2850,78,
2008-09,Federal,9,21071,3034,
2008-09,Federal,8,8955,113,
2008-09,Federal,7,45519,1170,
2008-09,Federal,6,32561,62,
2008-09,Federal,5,138955,893,
2008-09,Federal,4,11456,173,
2008-09,Federal,3,14172,468,
2008-09,Federal,2,43068,1094,
2008-09,Federal,1,27820,617,
2009-10,Federal,22,95,6,
2009-10,Federal,21,373,33,
2009-10,Federal,20,976,103,
2009-10,Federal,19,2191,388,
2009-10,Federal,18,5330,961,
2009-10,Federal,17,8446,2334,
2009-10,Federal,16,16966,3595,
2009-10,Federal,15,5979,266,
2009-10,Federal,14,17734,3444,
2009-10,Federal,13,4091,21,
2009-10,Federal,12,6578,203,
2009-10,Federal,11,7054,497,
2009-10,Federal,10,3493,122,
2009-10,Federal,9,32892,4092,
2009-10,Federal,8,7958,113,
2009-10,Federal,7,44266,837,
2009-10,Federal,6,25124,110,
2009-10,Federal,5,142481,888,
2009-10,Federal,4,12268,278,
2009-10,Federal,3,17271,546,
2009-10,Federal,2,43431,1154,
2009-10,Federal,1,23834,1142,
2010-11,Federal,22,94,6,
2010-11,Federal,21,355,24,
2010-11,Federal,20,869,92,
2010-11,Federal,19,2174,397,
2010-11,Federal,18,4371,899,
2010-11,Federal,17,7482,2106,
2010-11,Federal,16,12306,3797,
2010-11,Federal,15,6019,274,
2010-11,Federal,14,22371,3392,
2010-11,Federal,13,2897,26,
2010-11,Federal,12,7618,203,
2010-11,Federal,11,7432,449,
2010-11,Federal,10,3382,114,
2010-11,Federal,9,32591,3746,
2010-11,Federal,8,8529,146,
2010-11,Federal,7,40804,834,
2010-11,Federal,6,31008,240,
2010-11,Federal,5,139534,848,
2010-11,Federal,4,12469,209,
2010-11,Federal,3,14484,582,
2010-11,Federal,2,42661,1225,
2010-11,Federal,1,27448,648,
2011-12,Federal,22,94,5,
2011-12,Federal,21,380,34,
2011-12,Federal,20,863,90,
2011-12,Federal,19,2278,404,
2011-12,Federal,18,5312,907,
2011-12,Federal,17,8114,1991,
2011-12,Federal,16,17877,4945,
2011-12,Federal,15,4866,239,
2011-12,Federal,14,19658,2830,
2011-12,Federal,13,3222,23,
2011-12,Federal,12,6777,277,
2011-12,Federal,11,7098,243,
2011-12,Federal,10,2317,58,
2011-12,Federal,9,33746,3217,
2011-12,Federal,8,12271,57,
2011-12,Federal,7,44907,936,
2011-12,Federal,6,37228,90,
2011-12,Federal,5,135943,1045,
2011-12,Federal,4,7393,39,
2011-12,Federal,3,14034,416,
2011-12,Federal,2,42947,1268,
2011-12,Federal,1,23842,880,
2014-15,Federal,22,69,8,
2014-15,Federal,21,344,50,
2014-15,Federal,20,977,107,
2014-15,Federal,19,2329,532,
2014-15,Federal,18,6080,1330,
2014-15,Federal,17,9232,3008,
2014-15,Federal,16,23312,4807,
2014-15,Federal,15,1231,75,
2014-15,Federal,14,19622,3124,
2014-15,Federal,13,2817,22,
2014-15,Federal,12,3061,139,
2014-15,Federal,11,8376,367,
2014-15,Federal,10,2013,58,
2014-15,Federal,9,34194,2323,
2014-15,Federal,8,10774,72,
2014-15,Federal,7,43673,1206,
2014-15,Federal,6,39979,96,
2014-15,Federal,5,119229,1087,
2014-15,Federal,4,12810,197,
2014-15,Federal,3,8505,525,
2014-15,Federal,2,42502,1407,
2014-15,Federal,1,26163,1089,
2015-16,Federal,22,85,11,
2015-16,Federal,21,409,48,
2015-16,Federal,20,1014,111,
2015-16,Federal,19,2313,501,
2015-16,Federal,18,5568,1303,
2015-16,Federal,17,9930,4040,
2015-16,Federal,16,22435,5295,
2015-16,Federal,15,1314,83,
2015-16,Federal,14,19828,3005,
2015-16,Federal,13,2808,26,
2015-16,Federal,12,3172,133,
2015-16,Federal,11,8578,385,
2015-16,Federal,10,1802,54,
2015-16,Federal,9,33934,2163,
2015-16,Federal,8,12091,85,
2015-16,Federal,7,46153,1272,
2015-16,Federal,6,41376,85,
2015-16,Federal,5,126566,1248,
2015-16,Federal,4,11123,52,
2015-16,Federal,3,13845,1141,
2015-16,Federal,2,40724,1003,
2015-16,Federal,1,26151,1254,
2016-17,Federal,22,94,11,
2016-17,Federal,21,372,40,
2016-17,Federal,20,976,116,
2016-17,Federal,19,2507,549,
2016-17,Federal,18,6160,1357,
2016-17,Federal,17,11560,4116,
2016-17,Federal,16,28733,5548,
2016-17,Federal,15,1954,117,
2016-17,Federal,14,23120,3372,
2016-17,Federal,13,3268,27,
2016-17,Federal,12,4043,263,
2016-17,Federal,11,16005,1460,
2016-17,Federal,10,4219,64,
2016-17,Federal,9,38379,2481,
2016-17,Federal,8,14089,199,
2016-17,Federal,7,53849,1935,
2016-17,Federal,6,59361,217,
2016-17,Federal,5,124198,1899,
2016-17,Federal,4,22728,431,
2016-17,Federal,3,11267,1060,
2016-17,Federal,2,53842,2351,
2016-17,Federal,1,58548,3668,
2017-18,Federal,22,84,12,
2017-18,Federal,21,350,39,
2017-18,Federal,20,1020,130,
2017-18,Federal,19,2499,527,
2017-18,Federal,18,6417,1362,
2017-18,Federal,17,12198,4299,
2017-18,Federal,16,31130,6396,
2017-18,Federal,15,3206,212,
2017-18,Federal,14,19489,3168,
2017-18,Federal,13,3077,25,
2017-18,Federal,12,4144,271,
2017-18,Federal,11,22558,1774,
2017-18,Federal,10,3762,52,
2017-18,Federal,9,39772,2600,
2017-18,Federal,8,14067,124,
2017-18,Federal,7,48728,1569,
2017-18,Federal,6,59535,226,
2017-18,Federal,5,123296,2069,
2017-18,Federal,4,22676,426,
2017-18,Federal,3,9408,583,
2017-18,Federal,2,53052,2387,
2017-18,Federal,1,68438,4083,
